{
  "best_epoch": 2,
  "best_val_loss": 1.9204885625839234,
  "final_eval_split": "test",
  "final_eval_loss": 3.045527314682373,
  "final_eval_accuracy_percent": 28.24032403240324,
  "accuracy": 0.2824032403240324,
  "accuracy_percent": 28.24032403240324,
  "precision_macro": 0.30991753497506835,
  "recall_macro": 0.28056759685009475,
  "f1_macro": 0.22959954109099942,
  "precision_weighted": 0.35635908614423534,
  "recall_weighted": 0.2824032403240324,
  "f1_weighted": 0.24555857322317276,
  "num_train_images": 59668,
  "num_val_images": 25571,
  "num_test_images": 13332,
  "num_classes": 31,
  "feature_dim": 2048,
  "actual_style_count": 27,
  "actual_gender_count": 2,
  "actual_label_count": 31,
  "image_size": 224,
  "batch_size": 32,
  "invalid_train_filenames": 0,
  "invalid_val_filenames": 0,
  "invalid_test_filenames": 0,
  "dropped_val_labels_not_in_train": 0,
  "dropped_test_labels_not_in_train": 0
}